,titles,targets,dates
0,π”λ³΄λ¬Όμ„¬ μλ„ νƒλ°© ν”„λ΅κ·Έλ¨ μ°Έμ—¬μ λ¨μ§‘,"μλ„κµ¬ κ΄€λ‚΄ μμ μ•„Β·μ•„λ™Β·μ²­μ†λ…„ κΈ°κ΄€ λ° λ‹¨μ²΄, κ³µλ™μ²΄",24λ…„ 4μ›” 3μΌ ~ 30μΌ
1,π‘€2024 μ¤μ¤λ΅ μ‹¤ν—μ‹¤: κµμ΅ν™κ²½ λ¦¬λΉ™λ© μ°Έμ—¬μ λ¨μ§‘,μλ„ μ–΄λ¦°μ΄ κµμ΅ν™κ²½ μ—¬κ±΄ κ°μ„ μ„ μ„ν•΄ μ‹¤ν— ν™λ™μ„ μ‹¤μ²ν•κ³  λ„¤νΈμ›ν¬λ¥Ό μ§€μ†ν•  μμ§€κ°€ μλ” ν™λ™κ°€ 10ν€,2024. 3. 27.(μ) ~ 4.17.(μ)
2,2024 μ‹λ―Όλ™μ•„λ¦¬ λ° μ—°κ²°κ³µκ°„ μ§€μ›μ‚¬μ—… ν†µν•©κ³µλ¨,μ»¤λ®¤λ‹ν‹° ν™λ™μ— κ΄€μ‹¬μλ” μλ„ μ£Όλ―Ό λ„κµ¬λ‚,2024. 3. 27.(μ) ~ 4. 17.(μ)
3,π›3μ›” μ–΄λ¦°μ΄ μ…€λ¬ λ¨μ§‘(~3/18),μ΄λ“±ν•™μƒ(2012~2017λ…„ μ¶μƒ),~3/18(ν™”) 18:00
4,π2024 λ΄„λ°©ν•™ μλ„ μ–΄λ¦°μ΄ μ°½μ—…μ¤μΏ¨ μ°Έμ—¬μ λ¨μ§‘(~2.4.),μλ„κµ¬ κ±°μ£Ό μλΉ„ μ΄4 ~ μλΉ„ μ¤‘1,2024. 1. 22.(μ›”) ~ 2. 4.(μΌ)
5,βƒ2024 κ²¨μΈ μ°½μμμ ν•™κµ μ°Έμ—¬μ λ¨μ§‘! (~12/29κΉμ§€),λ§ 7μ„Έ ~ 13μ„Έ μλ„κµ¬ κ±°μ£Ό μ–΄λ¦°μ΄  λ„κµ¬λ‚,2024. 1. 8.(μ›”) ~ 1. 19.(κΈ)
6,π§³μƒμ΅΄κ°€λ°© μ°Έμ—¬μ λ¨μ§‘ (~12/3κΉμ§€),μλ„ μ•„λ™Β·μ²­μ†λ…„ 30λ…,2023. 11. 22.(μ) ~ 12. 3. (μΌ) 23:59
7,"π‰2023 κΈ°νμμ μ§‘ λ§Ίμκ³µμ ν <μ°λ¦¬, κΈ°μ–µν>π‰",κΈ°νμ ν•™κµ μλ£μƒ λ„κµ¬λ‚,~11/25(ν† )
8,πΆ2023 μ—°κ²°κΈ°νμ μ§€μ›μ‚¬μ—… λ§Ίμκ³µμ ν γ€μ—°κ²°λ μλ„ & μ—°κ²°λ  κΈ°νμγ€πΆ,μ—°κ²°ν”„λ΅μ νΈμ— μ°Έμ—¬ν• μ£Όλ―Ό νΉμ€ κ΄€μ‹¬μλ” λ¶„ λ„κµ¬λ‚,~2023.11/23
9,π΅ 2023 μ—°κ²°μ‚¬ν μ§€μ—­κ±°μ  <λ§μ£Όλ΄„ μ¶•μ > π΅,π  λ¬Έν™”λλ΄„ μ •μ±…μ— κ΄€μ‹¬μλ” λ„κµ¬λ‚,
10,π”®λ‘λ‘λ‘ μμ κ°€ κ²°κ³Όλ³΄κ³ μ „ <μ†μ›μ„ λ§ν•΄λ΄!>π”®,λ„κµ¬λ‚,
11,π“λ””μ§€ν„Έ μ•„μΉ΄μ΄λΈ μ‚¬λ΅€ κ³µμ  ν¬λΌπ“,"μ•„μΉ΄μ΄λΈμ— κ΄€μ‹¬ μλ” λ„κµ¬λ‚, 40λ…",~ 2023.Β  11. 22.(μ) κΉμ§€
12,π»2023 ν”„λ΅μ νΈ μ „μ‹ <λ…Έλ€μ•λ…•>,λ„κµ¬λ‚,
13,π‘2023 μ‹λ―Όμ§€μ›μ‚¬μ—… ν†µν•© λ§Ίμκ³µμ νπ‘,μλ„ λ¬Έν™”λ„μ‹μ— κ΄€μ‹¬ μλ” λ„κµ¬λ‚,11. 5. (μΌ) 18μ‹κΉμ§€
14,π’ λ‘λ‘λ‘ μμ λ°°λ‹¬ μ΄λ€μ¥μ΄ λ„μ°©ν–μµλ‹λ‹¤,,
15,2023λ…„ μ 2μ°¨ μλ„λ¬Έν™”λ„μ‹μ„Όν„° μ§μ›μ±„μ©κ³µκ³ ,,
16,πΆμ°λ¦¬ μλ„μ— λ‚λ„? _2023 μ—°κ²°ν”„λ΅μ νΈ μ†κ°,,
17,2023 μλ„ λ””μμ΄λ„ ν΄λ½ | λ¬Έν™”λ„μ‹ μλ„ λΈλλ“ νΉκ°• 2νμ°¨,ν°νΈ λ””μμΈμ™€ λ„μ‹ λΈλλ“ μ„μ²΄μ— κ΄€μ‹¬ μλ” μ‚¬λ λ„κµ¬λ‚ *μ„ μ°©μ λ§κ°,μ„ μ°©μ λ§κ°
18,π”¨2023 μλ„ λ””μμΈ μ‡κΈ° λ¨μ§‘ (~10.12.λ©),"μλ„ λ‚΄ κ³µκ³µκΈ°κ΄€ 10κ³³ λ‚΄μ™Έ 
*μμ‹: λ³µμ§€κ΄€, μ£Όλ―Όμ„Όν„°, ν•™κµ, κ³µλ¦½μ μΉμ›, κ³µκ³µκΈ°κ΄€ λ¶€μ† μ‚¬νμ  κΈ°μ—… λ“±",2023. 9. 22.κΈ - 10.12.λ©
19,π§™β€β™€μ‹λ―Ό λΈλλ”© μ¤μΏ¨ μ°Έμ—¬μ λ¨μ§‘ (~10.11.μ),"λ””μμΈ κ°κ°μ„ λ†’μ΄κ³  μ‹¶μ€ μλ„ μ£Όλ―Ό *μ΄λ“±,μ²­μ†λ…„,μ„±μΈ λ„κµ¬λ‚",2023.9.21.(λ©) ~ 10.11.(μ)
20,π‹κ³ λλ±ƒμ† μ•„μ§€νΈ β€“ μ°Έμ—¬μ λ¨μ§‘ (~10/4κΉμ§€),,2023. 9. 20.(μ) ~ 10. 4.(μ)
21,π¤ λ¬Έν™”λ„μ‹ μλ„ β€ν• μ„  μ‡κΈ° λΈλλ“ ν™λ³΄λ‹¨β€™ μ¶λ™,λ¬Έν™”λ„μ‹ μλ„ λΈλλ“μ— κ΄€μ‹¬μλ” λ„κµ¬λ‚,νμ°¨λ³„ ν–‰μ‚¬ 2μΌ μ „κΉμ§€ *μ„ μ°©μ λ§κ°
22,π2023 λ¬Έν™”μμ κµμ΅μ μ–‘μ„±κ³Όμ • <λ¬Έν™”μμ κµμ΅ λ„κµ¬μ°ΎκΈ°> μ°Έκ°€μ λ¨μ§‘!,"μλ„μ—μ„ λ¬Έν™”μμ κµμ΅μλ΅ ν™λ™ν•κ³  μ‹¶μ€ λ„κµ¬λ‚ 30λ…
* μ°λ€μ‚¬ν•­:μλ„μ£Όλ―Ό λ° μλ„κµ¬ μ¬ν•™, κ·Όλ¬΄ μ¤‘μΈ νƒ€μ§€μ—­ μ£Όλ―Ό
** μ‹ μ²­λ¶κ°€: μ΄μ „ λ¬Έν™”μμ κµμ΅μ κ³Όμ • κΈ°μλ£μ",2023.8.21(μ›”)~9.8(κΈ) 18:00κΉμ§€
23,π 2023 λ¬Έν™”λ„μ‹ λ°•λν & κµ­μ  μ»¨νΌλ°μ¤ π,λ¬Έν™”λ„μ‹μ— κ΄€μ‹¬μλ” λ„κµ¬λ‚,
24,λ””μ§€ν„Έ μ•„μΉ΄μ΄λΈ <μ•„μΉ΄μ΄λΈ μλ„> μ¤ν” μ΄λ²¤νΈπ¤,λ„κµ¬λ‚,μ„ μ°©μ μ§„ν–‰
25,μλ„μ μ¤λλ μλ£λ¥Ό λ¨μΌλ” π’κΈ°μ–µμ „λ‹Ήν¬π’,μλ„μ 2000λ…„ μ΄μ „μ μ‚¬μ§„ λ° μλ£λ¥Ό κ°€μ§€κ³  κ³„μ‹  λ¶„ λ„κµ¬λ‚,-
26,π 2023 <μ „κµ­ λ¬Έν™”κΈ°νμ μ‡ΌμΌ€μ΄μ¤ W.W.W> μ°Έκ°€μ λ¨μ§‘β•,μ „κµ­ λ¬Έν™”λ„μ‹ λ‚΄ ν™λ™ μ¤‘μΈ λ¬Έν™”κΈ°νμ 100ν€,2023. 6. 30. ~ 7. 21.
27,πΌ2023 λ‘λ‘λ‘ μμ κ°€ μ°Έμ—¬μ£Όλ―Ό λ° μμ κ°€ λ¨μ§‘πΌ,λ¬Έν™”μμ λ΅ μ™Έλ΅μ›€μ„ μΉμ ν•  μ§€μ—­μ£Όλ―Ό λ° μ§€μ—­ μμ κ°€,6. 29.(λ©) ~ 7. 12.(μ)
28,π΄β€β ν•΄μ μ νƒ„μƒ β€“ μ°Έμ—¬μ λ¨μ§‘ (~7/5κΉμ§€),μλ„ μ•„λ™Β·μ²­μ†λ…„ 40λ…,2023. 6. 22.(λ©) ~ 7. 5.(μ)
29,β΄οΈ2023 μλ„ λ¬Έν™”λ„μ‹ μ•„μΉ΄λ°λ―Έ μκ°•μƒ λ¨μ§‘β΄οΈ,μλ„μ— κ΄€μ‹¬μ΄ μλ” λ„κµ¬λ‚,2023λ…„ 6μ›” 16μΌ(κΈ) ~ 6μ›” 29μΌ(λ©) 18μ‹κΉμ§€
30,π2023λ…„ μλ„λ¬Έν™”λ„μ‹μ„Όν„° μ—¬λ¦„ μ°½μμμ ν•™κµ λ¨μ§‘!,μλ„κµ¬ κ±°μ£Ό μ΄λ“±ν•™μƒ,
31,2023λ…„ μλ„ λ¬Έν™”λ„μ‹ μ—°κ²°κΈ°νμ μ§€μ›μ‚¬μ—… λ¨μ§‘(β—λ¨μ§‘κΈ°κ°„μ—°μ¥ ~6/23μΌ 23:59κΉμ§€β—),ν™λ™κ²½λ ¥ 3λ…„ μ΄ν• λ¬Έν™”κΈ°νμ,2023. 5. 30. ~ 6. 23.
32,2023λ…„ μ›Ήμ§„ <λ‹¤λ¦¬λ„λ¨Έ μλ„> μ‹λ―ΌκΈ°μλ‹¨ λ¨μ§‘,"μλ„λ¬Έν™”λ„μ‹ μ‚¬μ—…μ— κ΄€μ‹¬ μλ” λ¶„
μ§€μ—­ μ‚¬ν λ¬Έμ , λ¬Έν™”μμ μ  μ‹λ„μ— κ΄€μ‹¬ μλ” λ¶„
κ°™μ€ κ΄€μ κ³Ό λ¬Έμ μμ‹μ„ μ§€λ‹ μ£Όλ―Όμ„ λ§λ‚κ³  μ‹¶μ€ λ¶„
κΈ€μ“°κΈ°, μ½ν…μΈ  μ μ‘μ— κ΄€μ‹¬ μλ” λ¶„",2023.6.9.(κΈ) ~ 6.20.(ν™”) 23:59
33,2023λ…„ <μλ„ λ””μμ΄λ„ ν΄λ½> λ¨μ§‘,(μλΉ„) λ””μμ΄λ„ λ° λ””μμΈμ— κ΄€μ‹¬ μλ” λ¬Έν™”κΈ°νμ 40λ… λ‚΄μ™Έ,2023. 6. 5.(μ›”) ~ 6. 30.(κΈ) 18:00κΉμ§€
34,π§‘β€π¤β€π§‘2023 <μμ λ§μ„PD> λ¨μ§‘π§‘β€π¤β€π§‘,μ»¤λ®¤λ‹ν‹° μ»¤λ„¥ν„°κ°€ λκ³  μ‹¶μ€ μλ„ μ£Όλ―Ό λ„κµ¬λ‚,2023. 5. 25.(λ©) ~ 6. 12.(μ›”)
35,"λ¬Έν™”μμ κµμ΅, λ¶€μ‚°μ—μ„ λ” κ°€κΉμ΄",λ¶€μ‚° λ‚΄/μ™Έ λ¬Έν™”μμ κµμ΅ κ΄€κ³„μ,κ²μ‹μΌλ΅λ¶€ν„° ~ 5/23(ν™”) 15:00κΉμ§€
36,π‘€2023 μλ„ κΈ°νμμ μ§‘ μ°Έμ—¬μ λ¨μ§‘,λ¬Έν™”κΈ°νμ— κ΄€μ‹¬ μλ” μ…λ¬Έλ‹¨κ³„ μ‹λ―Ό 60λ… λ‚΄μ™Έ,2023.5.10~5.31
37,π±2023 μλ„ μ •μ›νƒμ‚¬λ€ λ¨μ§‘π±,λ¬Έν™”μ •μ› λ° μ»¤λ®¤λ‹ν‹° μ •μ›μ— κ΄€μ‹¬μ΄ μλ” μ„±μΈ,2023. 5. 09 ~ 5. 30
38,2023 <λ‚΄-μΌμ ν•­ν•΄μΊ ν”„> ν•­ν•΄μ λ¨μ§‘,νƒ€μ§€μ—­ μ²­λ…„λ¬Έν™”μμ μΈ 30λ…,2023.5.1~2023.5.31
39,2023λ…„ μ›Ήμ§„ <λ‹¤λ¦¬λ„λ¨Έ μλ„> μ…μ°° κ³µκ³  λ° μ μ•μ„ ν‰κ°€μ„μ›ν λ¨μ§‘,,
40,π 2023λ…„ μλ„λ¬Έν™”λ„μ‹ μ—°κ²°κ³µκ°„ λ¨μ§‘!,"μλ„κµ¬ λ‚΄ λ¬Έν™”μμ μΈ, κΈ°νμλ“¤μ„ μ„ν•΄ μ΄μμ¤‘μΈ κ³µκ°„μ„ μ κ³µν•  μμ§€κ°€ μλ” λ„κµ¬λ‚",2023. 4. 3.(μ›”) ~ 4. 27.(λ©)
41,μμ λ΅λ§μ„ <μ°Ύμ•„κ°€λ” μμ λ°°λ‹¬>,μΌμƒ μ† λ¬Έν™”κ³µμ—°μ΄ ν•„μ”ν• μλ„ μ£Όλ―Ό(κ°μΈΒ·λ‹¨μ²΄),2023. 3. 29.(μ) ~ 4. 19.(μ)
42,2023 μλ„λ¬Έν™”λ„μ‹ μ‹λ―Όμ§€μ›μ‚¬μ—… ν†µν•©κ³µλ¨,μ£Όμ λ³„ ν™λ™μ„ μ‹¤μ²ν•κ³ μ ν•λ” 3μΈ μ΄μƒμ μ‹λ―Ό λ¨μ„,2023. 3. 27.(μ›”) ~ 4. 19.(μ)
43,λ¬Έν™”λ„μ‹ Γ— λ΅μ»¬ν¬λ¦¬μ—μ΄ν„° μ •μ±… ν† ν¬μ‡Ό,,
44,λ¬Έν™”μμ κµμ΅ μƒκ° λ„κµ¬-ν΄ν΄,μλ„ λ‚΄ λ¬Έν™”μμ κµμ΅ ν™λ™ ν¬λ§μ,~ 2023λ…„ 3μ›” 6μΌ(μ›”) κΉμ§€
45,ν”Όμ–΄λ‚λ” κ°κ° μ›€μ§μ„_μ°Έμ—¬μ λ¨μ§‘,λ°λ‹¬ μ¥μ•  μ•„λ™Β·μ²­μ†λ…„ 12λ…,2023. 1. 30.(μ›”) ~ 2. 8. (μ)
46,2023λ…„ μ 1μ°¨ μλ„λ¬Έν™”λ„μ‹μ„Όν„° μ§μ›μ±„μ©κ³µκ³ ,,
47,μλ©λ³΄νΈλ€ ν”„λ΅μ νΈ μ „μ‹ <μλ„ κ²¨μΈμ •μ›>,-,-
48,2022 μλ„λ¬Έν™”λ„μ‹ μ—°κ²°κΈ°νμ λ§Ίμκ³µμ ν <μ—°κ²°κΈ°νμ λ§μΌ“>,μλ„μ£Όλ―Ό λ„κµ¬λ‚,
49,2022 μλ„ κ³µκ³µλ―Έμ  μ „μμ΅°μ‚¬ λ³΄κ³ μ „,λ„κµ¬λ‚,
50,2023 κ²¨μΈ μ°½μμμ ν•™κµ λ¨μ§‘,μ°Έμ—¬λ¥Ό ν¬λ§ν•λ” μ΄λ“±ν•™μƒ β€»μλ„κµ¬ κ±°μ£Ό λ° μ·¨ν•™ ν•™μƒ μ°μ„  μ„ λ°,2022.12.9.(κΈ) - 12.28.(μ) β€»μ„ μ°©μ λ§κ°
51,μ •μ±…μ „μ‹ν_ β€γ…γ…μ—°κµ¬μ† μ¤ν” λ©β€™ (12/7~14),μ§€μ—­λ―Ό λ„κµ¬λ‚,
52,λ¬Έν™”λ„μ‹ μλ„ 2022 μ •μ±…μ¶•μ  <μ •μ±… κ³µλ΅ μ¥>,λ¬Έν™”λ„μ‹ μλ„ μ •μ±… μ μ•μ— κ΄€μ‹¬μλ” λ„κµ¬λ‚,2022λ…„ 11μ›” 25μΌ(κΈ) ~ 8μΌ(λ©)
53,[λ¨μ§‘] 20222 ν•΄μ–‘λ¬Έν™”μμ κµμ΅ νμΌλΏ ν”„λ΅κ·Έλ¨ <λ³΄λ¬Όμ„¬> μ°Έκ°€μ μ•λ‚΄,μλ„κµ¬ κ±°μ£Ό νΉμ€ μλ„κµ¬ μ†μ¬ ν•™κµμ— μ¬ν•™μ¤‘μΈ 8~19μ„Έ μ•„λ™Β·μ²­μ†λ…„,2022λ…„ 11μ›” 23μΌ(μ) ~ 11μ›” 30μΌ(μ)
54,2022λ…„ μ 2μ°¨ μλ„λ¬Έν™”λ„μ‹μ„Όν„° μ§μ›μ±„μ©κ³µκ³ ,,
55,2022 μλ„ κ²¨μΈμ •μ›_μ°Έμ—¬μ λ¨μ§‘,μ…ν…λ¬Έν™”μ— κ΄€μ‹¬μ΄ λ§μ€ μ§€μ—­μ£Όλ―Ό,2022. 11. 22.(ν™”) ~ 28.(μ›”)
56,2022 μλ„μ •μ±…μ¶•μ _ λ¬Έν™”μ •μ±…λ“λ΅μ‰ (μ•„μ΄λ””μ–΄κ³µλ¨μ „),"μλ„κµ¬μ— μ‚΄κ±°λ‚, ν™λ™ν•λ” μ‹λ―Όμ΄λΌλ©΄ λ„κµ¬λ‚ μ°Έμ—¬ κ°€λ¥(μ„±μΈ/μ²­μ†λ…„)",
57,[λ¨μ§‘] λ¬Έν™”λ„μ‹μλ„ 2022 μ •μ±…μ¶•μ  β€μ²­μ†λ…„ μ†μ…ν”½μ…β€™ μ°Έμ—¬μ λ¨μ§‘,μλ„κµ¬ μ—°κ²° λ° κ±°μ£Ό μ²­μ†λ…„ 50μΈ,2022λ…„ 11μ›” 02μΌλ¶€ν„° 11μ›” 10μΌκΉμ§€
58,μλ„ κ·Έλ¦Όμ±… μΈλ¬Έν•™κµ λ¨μ§‘,μ°Έμ—¬λ¥Ό ν¬λ§ν•λ” μλ„κµ¬λ―Ό 30λ…,2022. 11. 1.(ν™”) ~ 11. 15.(ν™”)
59,μμ λ§μ„ PD λ¨μ§‘,μλ„λ¬Έν™”λ„μ‹ κΈ°νμμ μ§‘ μλ£μƒ λ° λ¬Έν™”μμ κΈ°ν κ²½ν—μ΄ μλ” μ λ“±,22.10.26. ~ 11. 4. *10μΌκ°„
60,μλ„ μ •μ›μ„ κ°€κΏ€ μ΄μ›ƒμ„ μ°Ύμµλ‹λ‹¤,μλ„μ—μ„ μ •μ›λ¬Έν™”λ¥Ό μ μ•ν•κ³  μ‹¤ν–‰ν•΄λ³Ό μ‹λ―Ό λ„κµ¬λ‚,10. 26.(μ) ~ 11. 9.(μ)
61,κ³µκ³µλ―Έμ  νƒμ‚¬λ€ λ¨μ§‘,κ³µκ³µλ―Έμ μ— κ΄€μ‹¬μλ” λ„κµ¬λ‚,2022λ…„ 10μ›” 20μΌ ~ 11μ›” 1μΌ
62,2022 μλ„μƒνƒλ¬Έν™”μ¶•μ ,,
63,β€μλ„μ²΄λ¥Ό μ°Ύμ•„λΌ!β€ μ΄λ²¤νΈ,μλ„μ²΄μ— κ΄€μ‹¬ μλ” μ „κµ­ λ„κµ¬λ‚,
64,<2022 μλ„λ¬Έν™”λ„μ‹ μ½ν…μΈ  μ μ‘> μ§€μ›μ‚¬μ—… λ¨μ§‘ κ³µκ³ ,μλ„λ¬Έν™”λ„μ‹ μ½ν…μΈ  μ μ‘μ„ ν¬λ§ν•λ” λ„κµ¬λ‚,2022. 10. 11.(ν™”) ~ 10. 20.(λ©) μ¤μ „ 11:00κΉμ§€
65,2022 <λ¬Έν™”μμ κµμ΅μ μ‹¤μµ> κΈ°κ΄€ λ¨μ§‘ κ³µκ³ ,μλ„λ¬Έν™”λ„μ‹μ„Όν„° 2022λ¬Έν™”μμ κµμ΅μ μ–‘μ„± μ›ν¬μμ„ μλ£ν• λ¬Έν™”μμ κµμ΅μλ“¤μ΄ μ‹¤μµ ν•  μ μλ” κΈ°κ΄€μ„ λ¨μ§‘,2022. 10. 4.(ν™”) ~ 2022. 10.18.(ν™”)
66,<2022λ…„ λ¬Έν™”λ„μ‹ μ—°κ²°κΈ°νμ> μ§€μ›μ‚¬μ—… λ¨μ§‘κ³µκ³ ,λ¬Έν™”κΈ°νμ λ° μμ κ°€ κ·Έλ£Ή,9/28 ~ 10/11
67,<νμΉμ½”λ΅ λ§λ‚λ” μλ„ λ¬Έν™”λ„μ‹> μ°Έμ—¬μ λ¨μ§‘,μλ„μ— κ΄€μ‹¬μλ” λ„κµ¬λ‚,μ„ μ°©μ λ¨μ§‘
68,2022 <λ„ννμ¤νƒ€> κ°μµ,μλ„μ— κ΄€μ‹¬ μλ” λ„κµ¬λ‚,
69,μλ„ λ”ν•κΈ°μ •μ›-κ²λ¦΄λΌ κ°€λ“λ‹ μ°Έμ—¬μ λ¨μ§‘,"μ •μ›, κ°€λ“λ‹, μ‹λ¬Όμ— κ΄€μ‹¬μλ” μ§€μ—­λ―Ό",2022. 9. 14.(μ)κΉμ§€
70,2022 μλ„μƒνƒλ¬Έν™”μ¶•μ -μ°Έκ°€μ λ¨μ§‘,μλ„λ¥Ό μ‚¬λ‘ν•λ” μ‚¬λ λ„κµ¬λ‚!,2022. 9. 20. (ν™”) κΉμ§€
71,2022 λ¬Έν™”μμ κµμ΅μ μ–‘μ„± μ›ν¬μ <λ¬Έν™”μμ κµμ΅ λ„κµ¬μ°ΎκΈ°>μ°Έμ—¬μ λ¨μ§‘,μλ„λ¥Ό κΈ°λ°μΌλ΅ λ¬Έν™”μμ κµμ΅ ν™λ™μ„ ν¬λ§ν•λ” μ‚¬λ 40λ…,2022. 9.1.(λ©) ~ 9.16.(κΈ)
72,λ‹Ήμ‹ μ„ μ„ν• μμ λ°°λ‹¬ μ°Έμ—¬μ λ¨μ§‘,μλ„ μ£Όλ―Ό λ„κµ¬λ‚,22. 8. 25 ~ 9. 15 18:00
73,2022 μλ„μƒνƒλ¬Έν™”μ¶•μ  β€“ 1μ°¨ μ‹λ―Όμ°Έμ—¬μ λ¨μ§‘,μλ„κµ¬ μ£Όλ―Ό λ„κµ¬λ‚,2022.8.16(ν™”)~8.28.(μΌ)
74,μλ„ νƒ€μ΄ν¬κ·Έλν”Ό μΈλ¨Έ μ¤μΏ¨ 2022 λ¨μ§‘,λ””μμΈ λ° νƒ€μ΄ν¬κ·Έλν”Όμ— κ΄€μ‹¬ μλ” λ„κµ¬λ‚,2022.8.1.(μ›”) - 8.16.(ν™”)
75,[λ¨μ§‘] 2022 μλ„λ¬Έν™”λ„μ‹μ„Όν„° μ‹λ―Όμ°Έμ—¬ν™λ™ β€μ‹ λ‚λ” μ”¨μ•—λ¨μ„β€™,μλ„κµ¬μ— κ±°μ£Ό νΉμ€ ν™λ™μ¤‘μΈ μ‹λ―Ό,2022λ…„ 8μ›” 1μΌ(μ›”) ~ 8μ›” 21μΌ(μΌ)
76,<2022 μλ„ λ¬Έν™”λ„μ‹ μΌκ±°λ¦¬ ν¬λΌ>μ°Έμ—¬μ λ¨μ§‘,"λ¬Έν™”μΈλ ¥μ–‘μ„± μ‚¬μ—… μ¶”μ§„ μ¤‘μΈ λ¬Έν™”λ„μ‹ κ΄€κ³„μ λ°
λ¬Έν™”κΈ°νμλ΅ μ„±μ¥κ³Όμ • κ³ λ―Όν•κ³  μλ” κΈ°νμ§‘λ‹¨",2022. 8. 12.(κΈ)κΉμ§€
77,<2022 λ¶€μΈκ²½ λ¬Έν™”κΈ°νμ Next Stage in μλ„> μ°Έμ—¬μ λ¨μ§‘,λ¶€μΈκ²½ ν™λ™ λ¬Έν™”κΈ°νμ,2022. 8. 12.(κΈ) κΉμ§€
78,οΌλ¬Έν™”μμ μ„ ν†µν• μ‚¬νμ  κ³ λ¦½ μ™„ν™”λ¥Ό μ„ν• μλ„ λ¨λΈ κ°λ°οΌ μ—°κµ¬λ³΄κ³ ν μ°Έμ—¬μ‹ μ²­,μ‚¬νμ  κ³ λ¦½κ°μ— κ΄€μ‹¬μλ” λ„κµ¬λ‚,2022. 7. 22.(κΈ) ~ 2022. 7. 29.(κΈ)
79,2022 <μλ„ λ¬Έν™”λ„μ‹ μ•„μΉ΄λ°λ―Έ μ—¬λ¦„ν•™κΈ°> μ°Έμ—¬μ λ¨μ§‘,μλ„μ— κ΄€μ‹¬μ΄ μλ” λ„κµ¬λ‚,2022.07.15(κΈ)~07.29(κΈ) 13:00
80,κΉ΅κΉ΅μ΄μμ λ§μ„ λ§μ„ν•΄μ„¤μ‚¬ μ–‘μ„±κ³Όμ • μ°Έμ—¬μ λ¨μ§‘,μλ„κµ¬ μ£Όλ―Ό,2022. 7. 14.(λ©) ~ 2022. 7. 21.(λ©)
81,μλ„ μ–΄λ¦°μ΄ μ •μ›νƒμ‚¬λ€ λ¨μ§‘,μλ„κµ¬ λ° λ¶€μ‚°μ‹ κ±°μ£Ό 11~13μ„Έ μ–΄λ¦°μ΄ (20λ…),22.7.1.(κΈ)~22.(κΈ)
82,λ‘λ‘λ‘ μμ κ°€ μ°Έμ—¬μ λ¨μ§‘,μλ„ μ£Όλ―Ό λ° λ™λ„¤ μμ κ°€,22. 7. 11.(μ›”) - 7. 29.(κΈ) 16:00
83,2022 <μ°Ύμ•„κ°€λ” μλ„ κΈ°μ–µμ „λ‹Ήν¬>,2000λ…„ μ΄μ „ μλ„ μλ£λ¥Ό κ°€μ§„ λ„κµ¬λ‚,
84,2022 μ—¬λ¦„ μ°½μμμ ν•™κµ λ¨μ§‘,μλ„ κ±°μ£Ό μ΄λ“±μƒ(8~13μ„Έ)  *μ–΄κΉ¨λ™λ¬΄μ κ²½μ° 11~15μ„Έ,22. 7. 1.(κΈ) ~ 22. 7. 22.(κΈ) *μ„ μ°©μ λ§κ°
85,2022 <μλ„ κΈ°λ΅λ™μ•„λ¦¬>λ¨μ§‘,"μλ„ κΈ°λ΅μ— κ΄€μ‹¬ μλ” μλ„ μ£Όλ―Ό 9ν€ λ‚΄μ™Έ
* μλ„μ— κ±°μ£Όν•κ±°λ‚, ν™λ™ μ¤‘μΈ μµμ† 3μΈ μ΄μƒ λ¨μ„",~ 2022λ…„ 7μ›” 15μΌ
86,2022 <μλ„ λ””μμΈ μ‡κΈ°> λ¨μ§‘,λ¬Έν™”λ„μ‹ μλ„ λΈλλ”©μ„ ν™μ©ν•κ³ ν” μλ„ λ‚΄ κ³µκ³µκΈ°κ΄€ 6κ³³ λ‚΄μ™Έ,2022.6.28.(ν™”) - 2022.7.19.(ν™”) 18μ‹
87,2022λ…„ μλ„ λ¬Έν™”κ³µκ°„ ννΈλ„μ¤ 1κΈ° λ¨μ§‘,μλ„κµ¬ λ‚΄ κ³µκ°„ μ΄μμ μ¤‘ λ¬Έν™”μμ  κ³µκ°„μΌλ΅ ν™μ© λ° μ κ³µν•  μμ§€κ°€ μλ” λ„κµ¬λ‚,2022. 6. 24.(κΈ) ~ 7. 15.(κΈ)
88,<νƒμΆ…λ€ μ²μ† κ·Έλ¦Όμ±…> μ‚¬μ „ μ°Έμ—¬,κ·Έλ¦Όμ±…μ„ μΆ‹μ•„ν•λ” λ„κµ¬λ‚,6μ›” 22μΌ(μ) ~ 7μ›” 1μΌ(κΈ)
89,2022 <λ‚΄-μΌμ ν•­ν•΄μΊ ν”„> ν•­ν•΄μ λ¨μ§‘,μ›ν•λ” μΌμ„ μ¤μ¤λ΅ λ§λ“¤μ–΄ κ°€κ³  μλ” β€λ…λ¦½μ›μ»¤β€™ λ„κµ¬λ‚,2022.06.07.~2022.06.26.
90,λ‹¤λ¦¬λ„λ¨Έμλ„ μ‹μ¦ 3 μ›Ήμ§„ μ‹λ―ΌκΈ°μλ‹¨ λ¨μ§‘,"μλ„μ™€ λ¬Έν™”λ„μ‹ μλ„μ μ΄μ•ΌκΈ°λ¥Ό μ·¨μ¬ν•κ³  μ½ν…μΈ λ΅ λ§λ“¤μ–΄κ°€κ³  μ‹¶μ€ μ‚¬λ λ„κµ¬λ‚ 
*μλ„μ£Όλ―Ό, κ²½ν—μ μ°μ„  μ„ λ°",2022.6.3.(κΈ) - 6.15.(μ)
91,μλ„ μƒνƒλ¬Έν™”μ¶•μ  κΈ°νλ‹¨ λ¨μ§‘,μ¶•μ κΈ°νμ— κ΄€μ‹¬μ΄ μκ³  λ‹¤μ–‘ν• λ¬Έν™”κΈ°νμ— μ§μ ‘ μ°Έμ—¬ν•κ³  μ‹¶μ€ μ²­λ…„(10λ… μ΄λ‚΄),2022. 6. 3.(κΈ) ~ 6. 16.(λ©) 18μ‹κΉμ§€
92,<μλ„ κΈ°μ–µμ „λ‹Ήν¬> μ°Έμ—¬ν•λ¬ κ°€κΈ°,2000λ…„ μ΄μ „ μλ„ μλ£λ¥Ό κ°€μ§„ λ„κµ¬λ‚,
93,2022 λ¨λ‘μ μ •μ› <μ •μ›νƒμ‚¬λ€> μ°Έμ—¬μ λ¨μ§‘,β–³ μ •μ›λ¬Έν™”μ— κ΄€μ‹¬ μλ” μ„±μΈ(μλ„κµ¬ μ£Όλ―Ό μ°λ€),5μ›” 23μΌ(μ›”) ~ 6μ›” 6μΌ(μ›”)
94,μλ„λ¬Έν™”κ³µκ°„μ§€λ„ μ¤ν” μ΄λ²¤νΈ,μλ„μ£Όλ―Ό λλ” μλ„λ¬Έν™”κ³µκ°„μ§€λ„μ— κ΄€μ‹¬μλ” λ„κµ¬λ‚,
95,2022 λ§μ΄ν¬λ΅λΉ„νΈ μ²­μ†λ…„ κΈ€λ΅λ² ν•΄μ»¤ν†¤ μ°Έμ—¬μ λ¨μ§‘,"μλ„ λ° λ¶€μ‚° κ±°μ£Ό 14-19μ„Έ, 50λ… μ„ μ°©μ",2022. 5. 10.(ν™”) ~ 5. 24.(ν™”) 18:00 λ§κ°
96,λ‹Ήμ‹ μ„ μ„ν• μμ λ°°λ‹¬ λ¨μ§‘,μλ„κµ¬ μ†μ¬ κ³µμ—° μ¥μ† μ κ³µμ΄ κ°€λ¥ν• κΈ°κ΄€ λ° λ‹¨μ²΄ / λ™λ„¤ μμ κ°€,22. 4. 28. ~ 5. 12. 18:00
97,μ‹λ―Όμ°Έμ—¬ν™λ™ μ°Έκ°€μ λ¨μ§‘,"μλ„ κ±°μ£Όμ‹λ―Ό, μ—°κ²°μ‹λ―Ό",2022λ…„ 4μ›” 27μΌκΉμ§€
98,2022 μλ„κΈ°νμμ μ§‘ μ°Έμ—¬μ λ¨μ§‘,"λ¬Έν™”κΈ°νμ— κ΄€μ‹¬ μλ” μ…λ¬Έλ‹¨κ³„ μ‹λ―Ό 70λ…
β€» μλ„μ£Όλ―Ό λ° μƒν™κ¶μ, μ²­λ…„ μ°λ€
β€» μ„ μ°©μ λ§κ°",2022. 3. 30.(μ) ~ 4. 14.(λ©)
99,λ¬Έν™”λ„μ‹ μλ„ μ±…μ λ°κ°„ μ΄λ²¤νΈ,λ¬Έν™”λ„μ‹ μλ„μ— κ΄€μ‹¬μλ” λ„κµ¬λ‚,
100,μλ„ μ‚¬λ¬Όμ•„μΉ΄μ΄λΈ <λ¬-μ†λ¬Έ>,λ„κµ¬λ‚,
101,2022 μ°Ύμ•„κ°€λ” μ„¤λ…ν,μ‹λ―Όμ°Έμ—¬ν™λ™μ— κ΄€μ‹¬μλ” λ„κµ¬λ‚,3μ›” 18μΌ
102,2022 λ¬Έν™”λ„μ‹ μλ„ ν’€λΏλ¦¬λ¬Έν™”μμ κµμ΅ ν¬λΌ,μλ„ λ¬Έν™”μμ κµμ΅μ— κ΄€μ‹¬ μλ” μ§€μ—­λ―Ό 50μΈ μ΄λ‚΄,2021. 12. 27.(μ›”) ~ μ„ μ°©μ λ§κ°
103,2022 λ¬Έν™”λ„μ‹ μλ„ κ²¨μΈμ°½μμμ ν•™κµ,μλ„κµ¬ κ±°μ£Ό 6~16μ„Έ μ°μ„  μ„ λ°,2021. 12. 27.(μ›”)  ~ μ„ μ°©μ λ§κ°
104,κΌ¬λ§μ •μ›μ‚¬μ κ²¨μΈμΌκΈ°,μλ„κ±°μ£Ό μ–΄λ¦°μ΄(7μ„Έ μ΄μƒ ~ 13μ„Έ μ΄ν•)κΌ¬λ§μ •μ›μ‚¬μ κ²¨μΈμΌκΈ°,2021.12.14-2021.12.17
105,μλ„ μ •μ›μ‚¬μ μ—΄λ‘ λ‹¬,"λ„κµ¬λ‚ *μ½”λ΅λ‚ λ°©μ—­ν¨μ¤ μ μ©, μ„ μ°©μ λ§κ°",12.22-12.26
106,λ¬Όμ–‘μ¥ μ½λ ‰μ€,λ„κµ¬λ‚,2021.11.25-2021.12.05
107,ν”„λ΅μ νΈ μλ„ μ‹λ―Όμ‚΄λ΅±,17μ„Έ μ΄μƒ μλ„μ£Όλ―Ό λ„κµ¬λ‚,~ 2021.11.17
108,μμ κµμ΅ β€“ μ²«μ‚¬λ‘,μλ„μ—μ„ μμ κµμ΅μ„ ν•κ³  μ‹¶μ€ μμ κ°€,2021.11.08-2021.11.16
109,μ°Ύμ•„κ°€λ” νΉλ³„ν• 60λ¶„,λ„κµ¬λ‚ κ°€λ¥,
110,μλ„μ²΄ μ΄λ²¤νΈ,λ„κµ¬λ‚,
111,"λ§λ‚μ, μ—΄λ¦° κ³µκ°„",μ£Όλ―Όκ³Ό μ·¨ν–¥κ³Ό κ΄€μ‹¬μ‚¬λ¥Ό ν•¨κ» κµλ¥ν•  λ―Όκ°„ κ³µκ°„ 15κ³³,2021.10.13-2021.10.21
112,μ—¬μ„±κΈ°νμ next μ¤ν…μ΄μ§€ in μλ„,μ—¬μ„± λ¬Έν™”κΈ°νμ λ° (μλΉ„)λ¬Έν™”μμ  μΆ…μ‚¬μ,2021.09.24-2021.10.10
113,μλ„ μ •μ›νƒμ‚¬λ€,λ§ 8μ„Έ μ΄μƒ ~ μ„±μΈ λ„κµ¬λ‚,2021.09.23-2021.09.30
114,μ 29ν μλ„λ‹¤λ¦¬μ¶•μ ,μ£Όλ―Ό λ„κµ¬λ‚,2021.08.31-2021.09.17
115,λΉ„λ€λ©΄ μƒνƒλ¬Έν™” νμ¤ν‹°λ² <κ°€μ„ Onλ„>,ν”„λ΅κ·Έλ¨λ³„ μ°Έμ—¬λ€μƒ λ³„λ„ μ•λ‚΄,2021.09.13-2021.09.26
116,μλ„λ¬Έν™”λ„μ‹μ„Όν„° κ°μ† 1μ£Όλ…„ μ΄λ²¤νΈ,μλ„ λ¬Έν™”λ„μ‹μ™€ ν•¨κ»ν• 1λ…„μ μ¶”μ–µμ„ κ°€μ§„ λ„κµ¬λ‚,
117,ν”„λ¦¬λ·° β€μ‹λ¬Όμ¤κ°β€™,,2021.09.01-2021.09.15
118,λ””μμΈ μ‡κΈ°,μλ„κµ¬ μ†μ¬ μ†μƒκ³µμΈ λ° λ¬Έν™”λ‹¨μ²΄,2021.08.16-2021.09.06
119,μλ„ κΈ°νμμ μ§‘ β€“ μ•„μΉ΄μ΄λΈ κΈ°νμ κ³Όμ •,μλ„μ κΈ°λ΅μ„ μ •λ¦¬ν•κ³  μ•„μΉ΄μ΄λΉ™ν•κ³  μ‹¶μ€ 10λ…,2021.07.15-2021.07.29
120,2021 μ—¬λ¦„ μ°½μμμ ν•™κµ,μλ„κµ¬ κ±°μ£Ό 8μ„Έ ~ 16μ„Έ μ•„λ™Β·μ²­μ†λ…„,2021.07.14-2021.08.02
121,κ·Έλ¦°λΌμ΄νΈ μλ„,λ„κµ¬λ‚,
122,λ΄‰λλ™ 2X4μ‹κ°„,μ†μμ μλ„ μμ μΈ,2021.07.01-2021.07.29
123,λ¬Έν™”λ΅ λ§λ“λ” β€λ§μ„μƒμƒβ€™,"μλ„κµ¬ μ£Όλ―ΌμμΉλ‹¨μ²΄(11κ°)
(μ§€λ°©λ¶„κ¶ λ° μ§€λ°©ν–‰μ •μ²΄μ κ°νΈμ— κ΄€ν• νΉλ³„λ²• μ 27μ΅°μ— λ”°λ¥Έ μ£Όλ―ΌμμΉν)",2021.07.12-2021.07.29
124,ν•΄λ³΄μ! λ¬Έν™”μ‹¤ν—μ‹¤,"μλ„κµ¬μ— κ±°μ£Όν•κ±°λ‚ ν™λ™ μ¤‘μΈ μµμ† 3μΈ μ΄μƒμ μ΅μ•„, κµμ΅, μ™Έλ΅μ›€, ν™κ²½ λ“± μ§€μ—­μ‚¬ν λ¬Έμ λ¥Ό μ¬λ―Έμκ² μ‹λ„ν•λ” 10ν€ λ‚΄μ™Έ",2021.06.11-2021.06.25
125,λ¬Έν™”λ™μ•„λ¦¬ <μ μΎν• λ¬Έν™”μ‘λ‹Ή>,μλ„κµ¬μ— κ±°μ£Όν•κ±°λ‚ ν™λ™ μ¤‘μΈ 3μΈ μ΄μƒ κµ¬μ„±μΌλ΅ λ¬Έν™”λ¥Ό μ¦κΈ°κ³  λ°°μ°λ©° κµλ¥ν•λ” μ·¨λ―ΈΒ·μ·¨ν–¥ λ¨μ„,2021.06.11-2021.06.25
126,μ—°κ²°ν¬λΌ 6νμ°¨ <λ¬Έν™”μμ μ„ ν™μ©ν• μ‚¬νμ  κ³ λ¦½ μ™„ν™” λ°©μ•>,λ„κµ¬λ‚,
127,2021 μλ„κΈ°νμμ μ§‘,λ¬Έν™”κΈ°νμλ¥Ό κΏκΎΈλ” λ„κµ¬λ‚,2021.05.24-2021.06.11
128,μλ„ λ””ν†΅μ¤ μ„ν¬,μλ„μ—μ„ ν™λ™ν•λ” μ‹λ―Ό λ„κµ¬λ‚,
129,2021 μλ„ λ¬Έν™”λ„μ‹ μ—°κ²° ν¬λΌ,2021.04.12-2021.04.18,~ 2021.04.11
130,2021 μ§€μ—­λ¬Έν™” ν™λ™κ°€ μ§€μ›μ‚¬μ—…,μ§€μ—­λ¬Έν™” ν™λ™ λ‹¨μ²΄(μ‚¬μ—…μ λ“±λ΅μ¦ λλ” κ³ μ λ²νΈμ¦ λ³΄μ  λ‹¨μ²΄),2021.03.15-2021.03.29
131,λ„λ–΅μ—†λ” μ—¬ν–‰,μ¥μ• μΈκ³Ό μ¥μ• μΈ κ°€μ΅±,2021.02.17-2021.03.1
132,μ£Όλ―Όμ°Έμ—¬ κ³µλ¨μ „ β€“ μ›λΌμΈ μλ„,μλ„ κ±°μ£Ό λ„κµ¬λ‚,2021.02.03-2021.02.23
133,λ΄‰μ‚°μΌλ΅ On μ‚¬λλ“¤,μΌλ° μ‹λ―Ό,
134,μλ„ μ†λ¦¬κΈ°λ΅λ‹¨,μ†λ¦¬ κΈ°λ΅μ— κ΄€μ‹¬μλ” 2030μ„Έλ€,
135,μ„¬-μ„ -λ©΄ ν”„λ΅μ νΈ,μλ„μ—μ„ μ‘μ€ λ¬Έν™”κ³µκ°„μ„ μ΄μν•κ³  μλ” κ³µκ°„ μ΄μμ λ° κ³µκ°„ νΉμƒ‰μ— λ§λ” λ¬Έν™” ν”„λ΅κ·Έλ¨μ— κ΄€μ‹¬ μλ” μ΄,
136,μ μΎν• λ¬Έν™”μ‘λ‹Ή 20β€²,"- μλ„κµ¬μ— κ±°μ£Όν•κ±°λ‚ ν™λ™ν•λ” μµμ† 3μΈ μ΄μƒμΌλ΅ κµ¬μ„±λ λ¨μ„
- λ¬Έν™”λ¥Ό λ°°μ°κ³ , μ¦κΈ°κ³  μ£Όλ³€ μ‚¬λλ“¤μ—κ² λ‚λ μ μλ” λ¨μ„
- λ¬Έν™”λ¥Ό ν†µν•΄ μ§€μ—­μ‚¬νμ λ³€ν™”λ¥Ό λ§λ“¤μ–΄κ°€λ” λ¨μ„
- μ§€μ—­μ—μ„ λ¬Έν™”μμ μ„ μ¦κ²¨λ³΄κ³  μ‹¶μ€ λ¨μ„",~ 2020.10.28
137,κΉ΅κΉ΅μ΄ μ λμ„ ,λ§12μ„Έ λ―Έλ§μ€ λ™λ°μκ°€ λ™λ°ν•μ— νƒ‘μΉ κ°€λ¥,μƒμ‹
138,2019 λ§¤κ±°μ§„ <λ‹¤λ¦¬ λ„λ¨Έ μλ„> μ°½κ°„νν‹°,λ„κµ¬λ‚,-
139,μλ„μ΄μ•ΌκΈ° β€“ λ””μ¤μ»¤λ²„λ¦¬μ΄μ„ 1 νƒ€ν–¥μ—μ„ κ³ ν–¥μΌλ΅ λ¶ν† ν¬,λ„κµ¬λ‚,-
